{
    "time": 66.0,
    "flight_no": 0.0,
    "julian_day": 26.6,
    "timezone": 0.2,
    "habitat": 0.0,
    "wind_speed": 0.162,
    "wind_dir": 5.549,
    "temperature": 9.962999999999994,
    "humidity": 3.56,
    "dewpoint": 28.954,
    "pressure": 104.21900000000001,
    "radiation": 90.553,
    "IR_temp": 14.943000000000001,
    "Bsoh": 3.3869999999999996,
    "Bsot": 31.955099999999998,
    "Bsuh": 1.7236999999999998,
    "Bsut": 32.5048
}