{
    "time": 66.0,
    "julian_day": 0.532,
    "timezone": 0.004,
    "habitat": 0.0,
    "wind_speed": 0.0032400000000000003,
    "wind_dir": 0.11098000000000001,
    "temperature": 0.15814285714285706,
    "humidity": 0.0712,
    "dewpoint": 0.57908,
    "pressure": 0.521095,
    "radiation": 0.452765,
    "IR_temp": 0.2371904761904762,
    "Bsoh": 0.06774,
    "Bsot": 0.639102,
    "Bsuh": 0.034474,
    "Bsut": 0.650096,
    "eBee_K": 0.22476190476190472,
    "eBee_C": 0.22714285714285715,
    "": 0.0
}