{
    "time": 105.0,
    "flight_no": 1.6,
    "julian_day": 14.9,
    "timezone": 0.2,
    "habitat": 0.0,
    "wind_speed": 0.14579999999999999,
    "wind_dir": 5.699,
    "temperature": 11.625,
    "humidity": 2.58,
    "dewpoint": 28.941000000000003,
    "pressure": 103.45139999999999,
    "radiation": 10.269,
    "IR_temp": 12.030000000000006,
    "Bsoh": 3.1895,
    "Bsot": 31.855200000000004,
    "Bsuh": 1.5840999999999998,
    "Bsut": 31.7588
}