{
    "time": 105.0,
    "julian_day": 0.298,
    "timezone": 0.004,
    "habitat": 0.0,
    "wind_speed": 0.0029159999999999998,
    "wind_dir": 0.11398,
    "temperature": 0.18452380952380953,
    "humidity": 0.0516,
    "dewpoint": 0.57882,
    "pressure": 0.517257,
    "radiation": 0.20538,
    "IR_temp": 0.19095238095238107,
    "Bsoh": 0.06379,
    "Bsot": 0.637104,
    "Bsuh": 0.031682,
    "Bsut": 0.6351760000000001,
    "eBee_K": 0.1966666666666667,
    "eBee_C": 0.19904761904761903,
    "": 0.0
}